termo_1,termo_2,documentos
Internet,Proteção infantil,8
Inteligência artificial,Internet,7
Governança digital,Internet,6
Inteligência artificial,Moderação,4
Internet,Plataformas,4
ANPD,Proteção infantil,3
EDPB,União Europeia,3
Inteligência artificial,Proteção infantil,3
Internet,Proteção de dados,3
Privacidade,Proteção infantil,3
Proteção de dados,União Europeia,3
Algoritmos,Inteligência artificial,2
EDPB,GDPR,2
EDPB,Proteção de dados,2
Inteligência artificial,Privacidade,2
ANPD,Governança digital,1
ANPD,Internet,1
ANPD,Proteção de dados,1
Algoritmos,Internet,1
DSA,EDPB,1
DSA,GDPR,1
EDPB,Inteligência artificial,1
EDPB,Internet,1
GDPR,Proteção de dados,1
GDPR,União Europeia,1
Inteligência artificial,Plataformas,1
Inteligência artificial,Proteção de dados,1
Inteligência artificial,Soberania digital,1
Internet,Privacidade,1
Internet,Soberania digital,1
Internet,União Europeia,1
Privacidade,Proteção de dados,1
Proteção de dados,Proteção infantil,1
