palavra,ocorrencias,documentos
internet,61,61
digital,53,53
uso,32,32
eca,31,31
inteligencia,27,27
artificial,26,26
debate,21,21
cgi,19,19
redes,19,19
sociais,18,18
criancas,17,17
aponta,17,17
adolescentes,16,16
regulacao,16,16
escolas,16,16
protecao,16,16
pesquisa,12,12
plataformas,12,12
digitais,12,12
orgaos,12,12
publicos,12,12
edpb,11,11
brasileiros,11,11
dados,11,11
cada,11,11
diretrizes,10,10
educacao,10,10
online,10,10
data,10,9
usam,9,9
empresas,9,9
anpd,9,9
seminario,9,7
soberania,9,9
ciberseguranca,9,9
saude,9,9
inscricoes,8,8
regras,8,8
seguranca,8,8
generativa,8,8
privacidade,8,8
debates,8,8
forum,8,8
nova,8,8
cert,7,7
nic,7,7
eleicoes,7,7
chega,7,7
usuarios,7,7
cetic,7,7
amplia,7,7
governanca,7,7
lei,7,7
presente,7,7
dia,7,6
brasileiras,7,7
idade,7,7
servicos,7,7
novos,6,6
alerta,6,6
guidelines,6,6
ambiente,6,6
muda,6,6
alunos,6,6
desafios,6,6
risco,6,6
terco,6,6
usa,6,6
era,6,6
tic,6,6
avanca,6,6
seis,6,6
dez,6,6
governo,6,6
federais,6,6
estaduais,6,6
anos,6,6
fib16,6,6
anatel,5,5
novo,5,5
pessoais,5,5
sustentabilidade,5,5
17o,5,5
escola,5,5
foco,5,5
verificacao,5,5
proteger,4,4
maior,4,4
pais,4,4
usar,4,4
lanca,4,4
aula,4,4
forma,4,4
golpes,4,4
quase,4,4
jovens,4,4
riscos,4,4
fraudes,4,4
novas,4,4
curso,4,4
