palavra_chave,documentos_historico,documentos_janela,documentos_janela_anterior,variacao_documentos,percentual_candidatas_janela
Inteligência artificial,136,0,4,-4,0.0
Internet,71,3,1,2,100.0
Proteção infantil,42,2,0,2,66.67
Plataformas,26,0,4,-4,0.0
Proteção de dados,12,0,0,0,0.0
EDPB,11,0,1,-1,0.0
ANPD,9,0,0,0,0.0
Privacidade,8,0,0,0,0.0
Governança digital,6,0,0,0,0.0
Algoritmos,5,0,1,-1,0.0
Soberania digital,5,0,0,0,0.0
Moderação,4,0,3,-3,0.0
União Europeia,4,0,0,0,0.0
GDPR,3,0,1,-1,0.0
DSA,1,0,1,-1,0.0
AI Act,0,0,0,0,0.0
Adequação,0,0,0,0,0.0
Comércio digital,0,0,0,0,0.0
Cooperação digital,0,0,0,0,0.0
LGPD,0,0,0,0,0.0
Mercosul,0,0,0,0,0.0
Sul Global,0,0,0,0,0.0
Transferências de dados,0,0,0,0,0.0
