title,source,publication_type,published_date,date_precision,published_raw,url,other_links,candidate,topics,keywords,match_evidence,first_seen,first_seen_date,last_seen,summary,evidence,access,manually_selected,analysis_text
PEC estende a associações esportivas tributação semelhante à das SAFs,Senado Federal,Notícia coletada,2026-10-09,day,09/10/2026 08h34,https://www12.senado.leg.br/noticias/materias/2026/10/09/pec-estende-a-associacoes-esportivas-tributacao-semelhante-a-das-safs,,False,,,,2026-10-09T13:51:55+00:00,2026-10-09,2026-10-09T13:51:55+00:00,,,,False,PEC estende a associações esportivas tributação semelhante à das SAFs
Uso ético da IA é tema de guia lançado pela Auditoria do Senado,Senado Federal,Notícia coletada,2026-10-08,day,08/10/2026 18h19,https://www12.senado.leg.br/noticias/materias/2026/10/08/uso-etico-da-ia-e-tema-de-guia-lancado-pela-auditoria-do-senado,,True,IA e proteção de dados,Inteligência artificial,Inteligência artificial: ia,2026-10-09T13:51:55+00:00,2026-10-09,2026-10-09T13:51:55+00:00,,,,False,Uso ético da IA é tema de guia lançado pela Auditoria do Senado
Rio de Janeiro: Garotinho tem votos anulados e Douglas Ruas será declarado governador eleito,Senado Federal,Notícia coletada,2026-10-08,day,08/10/2026 14h41,https://www12.senado.leg.br/noticias/materias/2026/10/08/rio-de-janeiro-garotinho-tem-votos-anulados-e-douglas-ruas-sera-declarado-governador-eleito,,False,,,,2026-10-09T13:51:55+00:00,2026-10-09,2026-10-09T13:51:55+00:00,,,,False,Rio de Janeiro: Garotinho tem votos anulados e Douglas Ruas será declarado governador eleito
Redata deve incentivar data centers menores e próximos dos usuários finais,NIC.br,Notícia coletada,2026-10-08,day,2026-10-08,https://www.nic.br/noticia/na-midia/redata-deve-incentivar-i-data-centers-i-menores-e-proximos-dos-usuarios-finais/,,False,,,,2026-10-09T13:51:55+00:00,2026-10-09,2026-10-09T13:51:55+00:00,,,,False,Redata deve incentivar data centers menores e próximos dos usuários finais
Quatro medidas provisórias perdem validade; outras três são prorrogadas,Senado Federal,Notícia coletada,2026-10-08,day,08/10/2026 16h18,https://www12.senado.leg.br/noticias/materias/2026/10/08/quatro-medidas-provisorias-perdem-validade-outras-tres-sao-prorrogadas,,False,,,,2026-10-09T13:51:55+00:00,2026-10-09,2026-10-09T13:51:55+00:00,,,,False,Quatro medidas provisórias perdem validade; outras três são prorrogadas
Páginas web de bets usam nomes da eleição e seguem acessíveis no Brasil,NIC.br,Notícia coletada,2026-10-08,day,2026-10-08,https://www.nic.br/noticia/na-midia/paginas-web-de-i-bets-i-usam-nomes-da-eleicao-e-seguem-acessiveis-no-brasil/,,False,,,,2026-10-09T13:51:55+00:00,2026-10-09,2026-10-09T13:51:55+00:00,,,,False,Páginas web de bets usam nomes da eleição e seguem acessíveis no Brasil
Projeto reconhece saúde estética como área de atuação de seis profissões,Senado Federal,Notícia coletada,2026-10-08,day,08/10/2026 16h06,https://www12.senado.leg.br/noticias/materias/2026/10/08/projeto-reconhece-saude-estetica-como-area-de-atuacao-de-seis-profissoes,,False,,,,2026-10-09T13:51:55+00:00,2026-10-09,2026-10-09T13:51:55+00:00,,,,False,Projeto reconhece saúde estética como área de atuação de seis profissões
Projeto mostra opção nacional para levar banda larga de alta capacidade e baixo custo a áreas rurais e remotas,NIC.br,Notícia coletada,2026-10-08,day,2026-10-08,https://www.nic.br/noticia/na-midia/projeto-mostra-opcao-nacional-para-levar-banda-larga-de-alta-capacidade-e-baixo-custo-a-areas-rurais-e-remotas/,,False,,,,2026-10-09T13:51:55+00:00,2026-10-09,2026-10-09T13:51:55+00:00,,,,False,Projeto mostra opção nacional para levar banda larga de alta capacidade e baixo custo a áreas rurais e remotas
"Para Confúcio, mudança de governo não pode interromper políticas públicas",Senado Federal,Notícia coletada,2026-10-08,day,08/10/2026 15h56,https://www12.senado.leg.br/noticias/materias/2026/10/08/para-confucio-mudanca-de-governo-nao-pode-interromper-politicas-publicas,,False,,,,2026-10-09T13:51:55+00:00,2026-10-09,2026-10-09T13:51:55+00:00,,,,False,"Para Confúcio, mudança de governo não pode interromper políticas públicas"
Não votou no primeiro turno? Você pode votar no segundo; saiba as regras,Senado Federal,Notícia coletada,2026-10-08,day,08/10/2026 11h00,https://www12.senado.leg.br/noticias/materias/2026/10/08/nao-votou-no-primeiro-turno-voce-pode-votar-no-segundo-saiba-as-regras,,False,,,,2026-10-09T13:51:55+00:00,2026-10-09,2026-10-09T13:51:55+00:00,,,,False,Não votou no primeiro turno? Você pode votar no segundo; saiba as regras
Nota das Consultorias de Orçamento aponta diferenças em projeções para 2027,Senado Federal,Notícia coletada,2026-10-08,day,08/10/2026 17h59,https://www12.senado.leg.br/noticias/materias/2026/10/08/nota-das-consultorias-de-orcamento-aponta-diferencas-em-projecoes-para-2027,,False,,,,2026-10-09T13:51:55+00:00,2026-10-09,2026-10-09T13:51:55+00:00,,,,False,Nota das Consultorias de Orçamento aponta diferenças em projeções para 2027
Fim da escala 6x1 passa pela 3ª sessão de discussão no Plenário,Senado Federal,Notícia coletada,2026-10-08,day,08/10/2026 18h04,https://www12.senado.leg.br/noticias/materias/2026/10/08/fim-da-escala-6x1-passa-pela-3a-sessao-de-discussao-no-plenario,,False,,,,2026-10-09T13:51:55+00:00,2026-10-09,2026-10-09T13:51:55+00:00,,,,False,Fim da escala 6x1 passa pela 3ª sessão de discussão no Plenário
"Fim da 6x1 também beneficia quem está na informalidade, argumenta Paim",Senado Federal,Notícia coletada,2026-10-08,day,08/10/2026 15h51,https://www12.senado.leg.br/noticias/materias/2026/10/08/fim-da-6x1-tambem-beneficia-quem-esta-na-informalidade-argumenta-paim,,False,,,,2026-10-09T13:51:55+00:00,2026-10-09,2026-10-09T13:51:55+00:00,,,,False,"Fim da 6x1 também beneficia quem está na informalidade, argumenta Paim"
Eleições: propaganda gratuita no rádio e na TV volta nesta sexta,Senado Federal,Notícia coletada,2026-10-08,day,08/10/2026 18h15,https://www12.senado.leg.br/noticias/materias/2026/10/08/eleicoes-propaganda-gratuita-no-radio-e-na-tv-volta-nesta-sexta,,False,,,,2026-10-09T13:51:55+00:00,2026-10-09,2026-10-09T13:51:55+00:00,,,,False,Eleições: propaganda gratuita no rádio e na TV volta nesta sexta
Convocatoria: Evento sobre datos y análisis criminal para la seguridad local,Mercociudades,Notícia coletada,2026-10-08,day,2026-10-08,https://mercociudades.org/convocatoria-evento-sobre-datos-y-analisis-criminal-para-la-seguridad-local/,,False,,,,2026-10-09T13:51:55+00:00,2026-10-09,2026-10-09T13:51:55+00:00,,,,False,Convocatoria: Evento sobre datos y análisis criminal para la seguridad local
CAS examina aprimoramentos no atendimento a pessoas com câncer,Senado Federal,Notícia coletada,2026-10-08,day,08/10/2026 10h08,https://www12.senado.leg.br/noticias/materias/2026/10/08/cas-examina-aprimoramentos-no-atendimento-a-pessoas-com-cancer,,False,,,,2026-10-09T13:51:55+00:00,2026-10-09,2026-10-09T13:51:55+00:00,,,,False,CAS examina aprimoramentos no atendimento a pessoas com câncer
Projeto usa White Space para levar Internet de baixo custo,NIC.br,Notícia coletada,2026-10-07,day,2026-10-07,https://www.nic.br/noticia/na-midia/projeto-usa-white-space-para-levar-internet-de-baixo-custo/,,True,,Internet,Internet: internet,2026-10-09T13:51:55+00:00,2026-10-09,2026-10-09T13:51:55+00:00,,,,False,Projeto usa White Space para levar Internet de baixo custo
Projeto brasileiro usa canais de TV sem sinal para levar Internet a regiões remotas,NIC.br,Notícia coletada,2026-10-07,day,2026-10-07,https://www.nic.br/noticia/na-midia/projeto-brasileiro-usa-canais-de-tv-sem-sinal-para-levar-internet-a-regioes-remotas/,,True,,Internet,Internet: internet,2026-10-09T13:51:55+00:00,2026-10-09,2026-10-09T13:51:55+00:00,,,,False,Projeto brasileiro usa canais de TV sem sinal para levar Internet a regiões remotas
NIC.br testa Internet a partir de espectro ocioso de TV e bate 115 Mbps,NIC.br,Notícia coletada,2026-10-07,day,2026-10-07,https://www.nic.br/noticia/na-midia/nic-br-testa-internet-a-partir-de-espectro-ocioso-de-tv-e-bate-115-mbps/,,True,,Internet,Internet: internet,2026-10-09T13:51:55+00:00,2026-10-09,2026-10-09T13:51:55+00:00,,,,False,NIC.br testa Internet a partir de espectro ocioso de TV e bate 115 Mbps
Convocatoria abierta a las ciudades para integrar un mapa regional de políticas públicas para las mujeres,Mercociudades,Notícia coletada,2026-10-07,day,2026-10-07,https://mercociudades.org/convocatoria-ciudades-para-integrar-mapa-regional-politicas-publicas-mujeres/,,False,,,,2026-10-09T13:51:55+00:00,2026-10-09,2026-10-09T13:51:55+00:00,,,,False,Convocatoria abierta a las ciudades para integrar un mapa regional de políticas públicas para las mujeres
Zenaide Maia defende o fim da escala 6x1 e pede atenção para a vacinação de crianças,Senado Federal,Notícia coletada,2026-10-06,day,06/10/2026 16h57,https://www12.senado.leg.br/noticias/materias/2026/10/06/zenaide-maia-defende-o-fim-da-escala-6x1-e-pede-atencao-para-a-vacinacao-de-criancas,,False,,,,2026-10-06T22:35:45+00:00,2026-10-06,2026-10-06T23:27:29+00:00,,,,False,Zenaide Maia defende o fim da escala 6x1 e pede atenção para a vacinação de crianças
Unidad Temática de Turismo invita al «Ciclo de Formación 2026»,Mercociudades,Notícia coletada,2026-10-06,day,2026-10-06,https://mercociudades.org/unidad-tematica-turismo-invita-ciclo-formacion-2026/,,False,,,,2026-10-06T22:35:45+00:00,2026-10-06,2026-10-09T13:51:55+00:00,,,,False,Unidad Temática de Turismo invita al «Ciclo de Formación 2026»
Toma posse a senadora Leany Lemos,Senado Federal,Notícia coletada,2026-10-06,day,06/10/2026 20h06,https://www12.senado.leg.br/noticias/materias/2026/10/06/toma-posse-a-senadora-leany-lemos,,False,,,,2026-10-06T23:27:29+00:00,2026-10-06,2026-10-06T23:27:29+00:00,,,,False,Toma posse a senadora Leany Lemos
Projeto prevê alerta em veículos novos contra esquecimento de crianças e pets,Senado Federal,Notícia coletada,2026-10-06,day,06/10/2026 14h51,https://www12.senado.leg.br/noticias/materias/2026/10/06/projeto-preve-alerta-em-veiculos-novos-contra-esquecimento-de-criancas-e-pets,,False,,,,2026-10-06T22:35:45+00:00,2026-10-06,2026-10-06T23:27:29+00:00,,,,False,Projeto prevê alerta em veículos novos contra esquecimento de crianças e pets
Projeto mostra opção nacional para levar banda larga de alta capacidade e baixo custo a áreas rurais e remotas,NIC.br,Notícia coletada,2026-10-06,day,2026-10-06,https://www.nic.br/noticia/releases/projeto-mostra-opcao-nacional-para-levar-banda-larga-de-alta-capacidade-e-baixo-custo-a-areas-rurais-e-remotas/,,False,,,,2026-10-06T22:35:45+00:00,2026-10-06,2026-10-09T13:51:55+00:00,,,,False,Projeto mostra opção nacional para levar banda larga de alta capacidade e baixo custo a áreas rurais e remotas
Projeto cria política de promoção da independência financeira das mulheres,Senado Federal,Notícia coletada,2026-10-06,day,06/10/2026 09h04,https://www12.senado.leg.br/noticias/materias/2026/10/06/projeto-cria-politica-de-promocao-da-independencia-financeira-das-mulheres,,False,,,,2026-10-06T22:35:45+00:00,2026-10-06,2026-10-06T22:35:45+00:00,,,,False,Projeto cria política de promoção da independência financeira das mulheres
Paulo Paim defende que fim da escala 6x1 avance esta semana no Senado,Senado Federal,Notícia coletada,2026-10-06,day,06/10/2026 16h23,https://www12.senado.leg.br/noticias/materias/2026/10/06/paulo-paim-defende-que-fim-da-escala-6x1-avance-esta-semana-no-senado,,False,,,,2026-10-06T22:35:45+00:00,2026-10-06,2026-10-06T23:27:29+00:00,,,,False,Paulo Paim defende que fim da escala 6x1 avance esta semana no Senado
PEC que acaba com escala 6x1 começa a tramitar no Plenário,Senado Federal,Notícia coletada,2026-10-06,day,06/10/2026 19h54,https://www12.senado.leg.br/noticias/materias/2026/10/06/pec-que-acaba-com-escala-6x1-comeca-a-tramitar-no-plenario,,False,,,,2026-10-06T23:27:29+00:00,2026-10-06,2026-10-06T23:27:29+00:00,,,,False,PEC que acaba com escala 6x1 começa a tramitar no Plenário
Humberto Costa agradece a Pernambuco por inédita terceira eleição consecutiva,Senado Federal,Notícia coletada,2026-10-06,day,06/10/2026 15h36,https://www12.senado.leg.br/noticias/materias/2026/10/06/humberto-costa-agradece-eleitores-por-inedita-terceira-eleicao-consecutiva,,False,,,,2026-10-06T22:35:45+00:00,2026-10-06,2026-10-06T23:27:29+00:00,,,,False,Humberto Costa agradece a Pernambuco por inédita terceira eleição consecutiva
GTER e GTS recebem propostas para encontros de dezembro,NIC.br,Notícia coletada,2026-10-06,day,2026-10-06,https://www.nic.br/noticia/na-midia/gter-e-gts-recebem-propostas-para-encontros-de-dezembro/,,False,,,,2026-10-06T22:35:45+00:00,2026-10-06,2026-10-09T13:51:55+00:00,,,,False,GTER e GTS recebem propostas para encontros de dezembro
"Eleições demonstraram insatisfação com governo e STF, diz Damares",Senado Federal,Notícia coletada,2026-10-06,day,06/10/2026 17h19,https://www12.senado.leg.br/noticias/materias/2026/10/06/eleicoes-demonstraram-insatisfacao-com-governo-e-stf-diz-damares,,False,,,,2026-10-06T22:35:45+00:00,2026-10-06,2026-10-06T23:27:29+00:00,,,,False,"Eleições demonstraram insatisfação com governo e STF, diz Damares"
"Dialogamos sobre ciudades del cuidado, innovación pública y cooperación internacional en Córdoba",Mercociudades,Notícia coletada,2026-10-06,day,2026-10-06,https://mercociudades.org/dialogamos-sobre-ciudades-del-cuidado-innovacion-publica-y-cooperacion-internacional-en-cordoba/,,False,,,,2026-10-06T22:35:45+00:00,2026-10-06,2026-10-09T13:51:55+00:00,,,,False,"Dialogamos sobre ciudades del cuidado, innovación pública y cooperación internacional en Córdoba"
Davi prevê primeira votação da PEC do fim da escala 6x1 na semana que vem,Senado Federal,Notícia coletada,2026-10-06,day,06/10/2026 17h15,https://www12.senado.leg.br/noticias/materias/2026/10/06/davi-preve-primeira-votacao-da-pec-do-fim-da-escala-6x1-na-semana-que-vem,,False,,,,2026-10-06T22:35:45+00:00,2026-10-06,2026-10-06T23:27:29+00:00,,,,False,Davi prevê primeira votação da PEC do fim da escala 6x1 na semana que vem
Davi prega ‘serenidade’ no debate político,Senado Federal,Notícia coletada,2026-10-06,day,06/10/2026 20h21,https://www12.senado.leg.br/noticias/materias/2026/10/06/davi-prega-2018serenidade2019-no-debate-politico,,False,,,,2026-10-06T23:27:29+00:00,2026-10-06,2026-10-06T23:27:29+00:00,,,,False,Davi prega ‘serenidade’ no debate político
Confúcio parabeniza candidatos eleitos por Rondônia,Senado Federal,Notícia coletada,2026-10-06,day,06/10/2026 17h32,https://www12.senado.leg.br/noticias/materias/2026/10/06/confucio-parabeniza-candidatos-eleitos-por-rondonia,,False,,,,2026-10-06T22:35:45+00:00,2026-10-06,2026-10-06T23:27:29+00:00,,,,False,Confúcio parabeniza candidatos eleitos por Rondônia
Cobertura integrada das eleições mobiliza comunicação do Poder Legislativo,Senado Federal,Notícia coletada,2026-10-06,day,06/10/2026 18h57,https://www12.senado.leg.br/noticias/materias/2026/10/06/cobertura-integrada-das-eleicoes-mobiliza-comunicacao-do-poder-legislativo,,False,,,,2026-10-06T22:35:45+00:00,2026-10-06,2026-10-06T23:27:29+00:00,,,,False,Cobertura integrada das eleições mobiliza comunicação do Poder Legislativo
Bets começam a sair do ar nesta terça-feira,NIC.br,Notícia coletada,2026-10-06,day,2026-10-06,https://www.nic.br/noticia/na-midia/i-bets-i-comecam-a-sair-do-ar-nesta-terca-feira/,,False,,,,2026-10-06T22:35:45+00:00,2026-10-06,2026-10-09T13:51:55+00:00,,,,False,Bets começam a sair do ar nesta terça-feira
"Bertrand de La Chapelle, referência na governança global da Internet, é homenageado em encontro virtual",NIC.br,Notícia coletada,2026-10-06,day,2026-10-06,https://www.nic.br/noticia/notas/bertrand-de-la-chapelle-referencia-na-governanca-global-da-internet-e-homenageado-em-encontro-virtual/,,True,,Internet,Internet: internet,2026-10-06T22:35:45+00:00,2026-10-06,2026-10-09T13:51:55+00:00,,,,False,"Bertrand de La Chapelle, referência na governança global da Internet, é homenageado em encontro virtual"
Senado sedia encontro sobre liderança feminina na administração pública,Senado Federal,Notícia coletada,2026-10-05,day,05/10/2026 20h19,https://www12.senado.leg.br/noticias/materias/2026/10/05/senado-sedia-encontro-sobre-lideranca-feminina-na-administracao-publica,,False,,,,2026-10-06T22:35:45+00:00,2026-10-06,2026-10-06T22:35:45+00:00,,,,False,Senado sedia encontro sobre liderança feminina na administração pública
Primeiro videocast do Senado destaca mulheres no topo da gestão pública,Senado Federal,Notícia coletada,2026-10-05,day,05/10/2026 19h47,https://www12.senado.leg.br/noticias/materias/2026/10/05/primeiro-videocast-do-senado-destaca-mulheres-no-topo-da-gestao-publica,,False,,,,2026-10-06T22:35:45+00:00,2026-10-06,2026-10-06T22:35:45+00:00,,,,False,Primeiro videocast do Senado destaca mulheres no topo da gestão pública
Prazo para sacar o dinheiro nas bets termina nesta segunda,NIC.br,Notícia coletada,2026-10-05,day,2026-10-05,https://www.nic.br/noticia/na-midia/prazo-para-sacar-o-dinheiro-nas-i-bets-i-termina-nesta-segunda-veja-perguntas-e-respostas/,,False,,,,2026-10-06T22:35:45+00:00,2026-10-06,2026-10-09T13:51:55+00:00,,,,False,Prazo para sacar o dinheiro nas bets termina nesta segunda
IA pode ser o maior instrumento de igualdade já criado ou a pior fonte de injustiça,NIC.br,Notícia coletada,2026-10-05,day,2026-10-05,https://www.nic.br/noticia/na-midia/a-inteligencia-artificial-pode-ser-o-maior-instrumento-de-igualdade-ja-criado-ou-a-pior-fonte-de-injustica/,,True,IA e proteção de dados,Inteligência artificial,Inteligência artificial: ia,2026-10-06T22:35:45+00:00,2026-10-06,2026-10-09T13:51:55+00:00,,,,False,IA pode ser o maior instrumento de igualdade já criado ou a pior fonte de injustiça
IA e deepfakes criam nova ameaça digital para as eleições no Brasil e dificultam combate à desinformação,NIC.br,Notícia coletada,2026-10-05,day,2026-10-05,https://www.nic.br/noticia/na-midia/ia-e-i-deepfakes-i-criam-nova-ameaca-digital-para-as-eleicoes-no-brasil-e-dificultam-combate-a-desinformacao/,,True,IA e proteção de dados,Inteligência artificial; Moderação,Inteligência artificial: ia; Moderação: desinformacao,2026-10-06T22:35:45+00:00,2026-10-06,2026-10-09T13:51:55+00:00,,,,False,IA e deepfakes criam nova ameaça digital para as eleições no Brasil e dificultam combate à desinformação
Economía Social y Solidaria invita al taller «La deuda con las emprendedoras»,Mercociudades,Notícia coletada,2026-10-05,day,2026-10-05,https://mercociudades.org/economia-social-solidaria-invita-taller-deuda-emprendedoras/,,False,,,,2026-10-06T22:35:45+00:00,2026-10-06,2026-10-09T13:51:55+00:00,,,,False,Economía Social y Solidaria invita al taller «La deuda con las emprendedoras»
