região,tema,títulos,total,% dos títulos,amostra pequena
Mercosul,Proteção de dados,14,615,2.3,False
Mercosul,IA e algoritmos,141,615,22.9,False
Mercosul,Plataformas e moderação,42,615,6.8,False
Mercosul,Internet e infraestrutura,85,615,13.8,False
Mercosul,Mercosul e integração,1,615,0.2,False
Mercosul,Infância e verificação de idade,41,615,6.7,False
UE,Proteção de dados,6,16,37.5,False
UE,IA e algoritmos,1,16,6.2,False
UE,Plataformas e moderação,1,16,6.2,False
UE,Internet e infraestrutura,1,16,6.2,False
UE,Mercosul e integração,0,16,0.0,False
UE,Infância e verificação de idade,0,16,0.0,False
